Model,Accuracy
Naive Bayes (CountVec),0.9670542635658915
SVM (TF-IDF),0.9825581395348837
Logistic Regression,0.9534883720930233
